No,Provinsi SPPG,Kab./Kota SPPG,Alamat Dapur SPPG,Nama Yayasan
1,Aceh,Aceh Barat,"Desa Langung Meurebo, Aceh Barat",Yayasan Pemuda Santri Aceh Barat
2,Aceh,Aceh Besar,Jl. Banda Aceh 0 Medan Desa Lampreh Ingin Jaya Aceh Besar,Yayasan Kurnia Jaya Abadi
3,Aceh,Aceh Jaya,Jl. Meulaboh Banda Aceh Desa Leupe Jaya Aceh Jaya,Yayasan Kurnia Jaya Abadi
4,Aceh,Aceh Selatan,Desa Tanjung Harapan,Yayasan Berkah Cahaya
5,Aceh,Aceh Tamiang,Jl. Banda Aceh 0 Medan Ds Tualang Cut Manyak Payed Aceh Tamiang,Yayasan Makmur Maju Bersama
6,Aceh,Aceh Tengah,"Jln. Putri Pukes, Kp. Lut Kala, Kebayakan",Yayasan Bebesen Gayo Bergizi Nusantara
7,Aceh,Aceh Tenggara,Desa Biak Muli Pantai,Yayasan Alfaruqul Faqih Al Aziziyah
8,Aceh,Aceh Timur,Jl. Alue Ie Mirah Desa Blang Paoh Julok Aceh Timur,Yayasan Nasabe Pangan Bergizi
9,Aceh,Bener Meriah,"Kp. Purwosari, Bandar, Bener Meriah",Yayasan Bebesen Gayo Bergizi Nusantara
10,Aceh,Gayo Lues,Jln Kutapanjang0blangkejeren Dusun Turun Junte Desa Rema Kutapanjang Gayo Lues,Yayasan Bebesen Gayo Bergizi Nusantara
11,Aceh,Kota Banda Aceh,Jl. Pendidikan Desa Lamjabat Meuraxa Kota Banda Aceh,Yayasan Kurnia Cahaya Permata
12,Aceh,Kota Banda Aceh,Jl. Seulanga Jurong Panglima Nyak Raja No. 318 Desa Lamlagang Banda Raya Kota Banda Aceh,Yayasan Makmur Maju Bersama
13,Aceh,Kota Langsa,Desa Matang Seulimeng Langsa Barat Kota Langsa,Yayasan Makmur Maju Bersama
14,Aceh,Kota Lhokseuma we,Jl. Pesantren Babul Huda Aceh Dusun Lhokumbang Desa Meunasah Alue,Yayasan Babul Huda Aceh Indonesia
15,Aceh,Kota Sabang,Desa Ie Meulee Suka Jaya Kota Sabang,Yayasan Kurnia Cahaya Permata
16,Aceh,Nagan Raya,Desa Blang Baro Kuala Nagan Raya,Yayasan Putri Ratu Ana
17,Aceh,Pidie,Komplek Pemda No 12 Blang Paseh,Yayasan Cahaya Semesta Bersama
18,Aceh,Pidie Jaya,Jl. Rel Desa Meunasayah Keudeu Bandar Baru Pidie Jaya,Yayasan Bustanul Fakri Aceh
19,Aceh,Simeulue,Desa Labuhan Bakti Teupah Selatan,Yayasan Rumah Kita Indonesia
20,Bali,Denpasar,"Jl. Sokasati, Gang Menori No.11, Sumerta Kelod, Kec. Denpasar Timur, Kota Denpasar, Bali",Yayasan Pendidikan Cakra Cemerlang Internasional
21,Bali,Denpasar,"Jl.Tukad Petanu, Gang Pipit No.8, Sidakarya, Denpasar Selatan, Bali",Yayasan Pendidikan Cakra Cemerlang Internasional
22,Banten,Kabupaten Serang,Jl. Kh Abdul Kabier Rt 012 Rw 003 Desa Kemuning Kec. Tunjung Teja Serang Prov Banten,Yayasan Shohibul Muslimin
23,Banten,Kabupaten Tangerang,"Kp Korelet Desa Ranca Kelapa Kec. Panongan, Tangerang",Yayasan Hidayatul Hikmah Rajeg
24,Banten,Kabupaten Tangerang,"Jalan - Cisoka, Cisoka, Kecamatan Cisoka Kabupaten Tangerang 15730",Yayasan Al- Munawwir Cendekia Mulia
25,Banten,Kabupaten Tangerang,"Jalan Aria Jaya Santika Pasir Nangka Kecamatan Tigaraksa, Kabupaten Tangerang Banten, 15720",Yayasan Al- Munawwir Cendekia Mulia
26,Banten,Kota Serang,"Jl. Ayip Usman No. 27 Serang, Kota Serang - Banten",Yayasan Puspa Indah Mitra Kreatif
27,Banten,Kota Serang,"Jl. Kh Abdul Hadi, Cipare, Kec. Serang, Kota Serang, Banten 42117",Yayasan Puspa Indah Mitra Kreatif
28,Banten,Kota Serang,"Jl. Penancangan Lama No.01, Rt.001/Rw.001, Panancangan, Kec. Cipocok Jaya, Kota Serang, Banten 42124",Yayasan Hidayatul Mubtadiin
29,Banten,Kota Serang,"Jl. Raya Cilegon Drangong Serang, Banten No. Km 4, Drangong Kota Serang Banten",Yayasan Kemala Bhayangkari
30,Banten,Kota Tangerang,Perum Griya Permata Jl. Kh. Ahmad Dahlan Blok B1 No. 9a Kelurahan Petir Cipondoh Kota Tangerang Provinsi Banten,Persada Nusa Bakti
31,Banten,Kota Tangerang,Jl. Marsekal Suryadarma Rt.04/ Rw.07,Yayasan Hidayatul Hikmah Rajeg
32,Banten,Kota Tangerang Selatan,"Jl. Ki Hajar Dewantara No. 12 Rt 03 Rw 07 Kel. Sawah, Kec. Ciputat, Tangerang Selatan",Yayasan Indonesia Food Security Review
33,Banten,Kota Tangerang Selatan,"Jl. Bayangkara No.1, Rt.003/Rw.002, Desa/Kelurahan Pakujaya",Yayasan Indonesia Kulina Emas
34,Banten,Serang,"Jl. Trip Jamaksari Komp. Bungur Indah Gg. Garuda No.17 Sumurpecung, Serang, Kota Serang, Banten",Yayasan Bina Prestasi
35,Diy,Gunungkid ul,"Jl. Taman Bakti, Jeruksari, Wonosari",Yayasan Tunas Mekar Cianjur
36,Diy,Kulon Progo,"Karangwuluh Lor, Rt005/Rw003, Karangwuluh, Temon",Yayasan Mugi Berkah Lestari
37,Diy,Sleman,"Jalan Godean Km. 8, Sidokarto, Kec. Godean, Sleman, Diy",Yayasan Indonesia Food Security Review
38,Diy,Yogyakarta,"Jl Surami No 845, Mantrijeron",Yayasan Indonesia Food Security Review
39,Dki Jakarta,Jakarta Selatan,"Jalan Kebayoran Lama Raya No. 35a Rt.004 Rw.010, Grogol Selatan Kebayoran Lama",Yayasan Taruna Mandiri Riau
40,Dki Jakarta,Jakarta Selatan,"Jl. Siaga No.14, Rt.16/Rw.4, Pejaten Barat, Pasar Minggu, Jakarta Selatan, Daerah Khusus Ibujakarta 12510",Yayasan Kemala Bhayangkari
41,Dki Jakarta,Jakarta Selatan,"Jl. Samali Ujung 1. Rt 011 Rw 04 Nomor 36 Pejaten Barat, Pasar Minggu",Yayasan Bakti Ibu Sejahtera
42,Dki Jakarta,Jakarta Timur,"Jl. Cipinang Lontar Indah, Rt.10/Rw.6, Kelurahan Cipinang Muara, Jatinegara, Jakarta Timur, Daerah Khusus Ibukota Jakarta",Yayasan Pendidikan Al Qur'an Nurul Huda
43,Dki Jakarta,Jakarta Timur,"Kampung Rawaterate Rt 001/002, Nomor 112",Pemuda Pewaris Kebaikan
44,Dki Jakarta,Jakarta Timur,"Jl. Merpati 2, Rt.2/Rw.2, Kp. Tengah, Kec. Kramat Jati, Kota Jakarta Timur, Daerah Khusus Ibukota Jakarta",Yayasan Lumbung Unnati Utama
45,Dki Jakarta,Jakarta Timur,"Jl. Raya Jatiwaringin, No. 42, Rt.05/Rw.05, Cipinang Melayu, Kec. Makasar, Jakarta Timur",Yayasan Rahmatan Lil Alamin Indonesia
46,Dki Jakarta,Jakarta Timur,"Jl. Bekasi Timur Raya No.86, Rt.8/Rw.6, Cipinang, Kec. Pulo Gadung, Kota Jakarta Timur, Daerah Khusus Ibukota Jakarta.",Yayasan Kemala Bhayangkari
47,Dki Jakarta,Jakarta Timur,"Jl. Merpati 2, Rt.2/Rw.2, Kp. Tengah, Kec. Kramat Jati, Kota Jakarta Timur, Daerah Khusus Ibukota Jakarta",Yayasan Lumbung Unnati Utama
48,Gorontalo,Gorontalo,"Jl. Husin Bilondato, Ds. Mongolato, Telaga, Gorontalo, Prov. Gorontalo",Rumah Nurul Ilm
49,Gorontalo,Pohuwato,"Jl. Umahani, Desa Marisa Utara, Marisa, Pohuwato",Rumah Nurul Ilm
50,Jawa Barat,Bekasi,"Kp Cimahi Rt 07/Rw 03, Desa Sukamahi, Kecamatan Cikarang Pusat, Kabupaten Bekasi, Jawa Barat",Yayasan Timur Bangkit Peduli
51,Jawa Barat,Bogor,Jl.M Bakri No 5b Rt 01/ Rw 02 Singajaya Jonggol Bogor 16830,Yayasan Indonesia Food Security Review
52,Jawa Barat,Garut,"Jl. Garut - Tasikmalaya No.36, Rt.001/Rw.002, Ngamplangsari, Kec. Cilawu, Kabupaten Garut, Jawa Barat",Persyarikatan Muhammadiyah
53,Jawa Barat,Karawang,"Jl. Pasundan No. 101, Adiarsa Barat, Kec. Karawang Barat, Karawang,  Jawa Barat",Yayasan Indonesia Food Security Review
54,Jawa Barat,Bandung,Kp Cimenteng Rt 02 Rw 16 Kel. Jagabaya Kec Cimaung,Yayasan Muhammad Ar Ravi Al Khaidar
55,Jawa Barat,Bandung,Kp Pesanggrahan Rt 01 Rw 07 Ds Pangalengan Kec Pangalengan Bandung,Yayasan Buana Mutiara Insani
56,Jawa Barat,Bandung,Ereng Wetan Rt01/Rw12 Ds Bojongemas Kec Solokan Jeruk Bandung,Yayasan Buana Mutiara Insani
57,Jawa Barat,Bandung Barat,"Jl. Permata Cimahi Blok A No.7, Rt.005 Rw.012, Kelurahan Tanimulya",Yayasan Farisa Bakti Persada
58,Jawa Barat,Bekasi,"Perum Vila Mutiara Cikarang B2 No 34 Desa Ciantra, Kec Cikarang Selatan, Bekasi Jawa Barat",Yayasan Nurut Thoyibah
59,Jawa Barat,Bekasi,"Jl Bawang Raya 11 No 64 Rt 004 Rw 08 Desan Cimuning, Kec Mustikajaya, Kota Bekasi, Jawa Barat",Yayasan Nurut Thoyibah
60,Jawa Barat,Bekasi,Perumahan Bumi Anggrek Blok Q No 8 Desa Rancasari Kec Tambun Utara Bekasi,Yayasan Mishbahul Huda Pamanukan
61,Jawa Barat,Ciamis,"Jl. Ahmad Yani No.221 Rt 002 / Rw 002, Kel. Kertasari, Kec. Ciamis, Ciamis",Arroja Alarif Ciamis
62,Jawa Barat,Ciamis,Dsn. Mekarmulya Rt 004 Rw 005 Ds. Jelat Kec. Baregbeg,Asra Bakti Maritim
63,Jawa Barat,Ciamis,Jl. Puspalubis Bolenglang Kertasari Ciamis,Yayasan Pendidikan Pondok Pesantren Al Hasan
64,Jawa Barat,Ciamis,Dusun Gunungrasa Rt 13 Rw 007 Desa Gunungcupu Kec Sindangkasih Ciamis,Yayasan Asra Bakti Maritim
65,Jawa Barat,Cianjur,Jl. Abdullah Bin Nuh Rt 03 Rw 07 Desa Nagrak Kec Cianjur Jawa Barat 43211,Yayasan Tunas Mekar Cianjur
66,Jawa Barat,Cianjur,Kp Rancagoong Rt 002 Rw 005 Desa Rancagoong Kec Cilaku Cianjur Jawa Barat 43285,Yayasan Tunas Mekar Cianjur
67,Jawa Barat,Cianjur,"Kp. Sukawening Rt/Rw 003/001, Kelurahan Sukamekar, Desa Sukamekar, Kecamatan Sukanagara",Yayasan Aku Cinta Cianjur
68,Jawa Barat,Cirebon,Jl. Pamengkang Raya No. 111 Rt 001/Rw 004,Yayasan Asra Bakti Maritim
69,Jawa Barat,Garut,"Jl. Garut - Tasikmalaya No.36, Rt.001/Rw.002, Ngamplangsari, Kec. Cilawu, Kabupaten Garut, Jawa Barat",Persyarikatan Muhammadiyah
70,Jawa Barat,Garut,"Jl. Raya Bayongbong - Garut No.Km, Rw. 1, Muara Sanding, Kec. Garut Kota,  Kabupaten Garut, Jawa Barat 44119",Yayasan Mualaf Indonesia Timur
71,Jawa Barat,Garut,Jl. Limbangan Barat No.16 Da. Cigagade,Yayasan Cahaya Wirabangsa
72,Jawa Barat,Indramayu,Jl. Pesisir Syek Sama'un Rt 01 /Rw 08 Desa Dadap Kecamatan Juntinyuat Kabupaten Indramayu Provinsi Jawa Barat,Yayasan Buana Mutiara Insani
73,Jawa Barat,Indramayu,Jln. Raya Jatibarang Kadipaten Desa Lajer Kec. Tukdana Indramayu,Yayasan Buana Mutiara Insani
74,Jawa Barat,Karawang,"Dusun Krajan Rt 03 Rw 01 Desa Batujaya, Kec Batujaya, Karawang, Jawa Barat",Yayasan Nurut Thoyibah
75,Jawa Barat,Karawang,"Jl. H. Mochamad Toyib, Dusun Cibuaya 1, Rt001/Rw001, Desa Cibuaya, Kec. Cibuaya, Karawang",Yayasan Pendidikan Islam Al Faridiyah
76,Jawa Barat,Karawang,"Kp. Babakan Bogor Rt 01 Rw 05 Desa Dawuan Barat, Kec. Cikampek, Karawang",Yayasan Al Insyirah Firdausy Mobarok
77,Jawa Barat,Karawang,Jln.Anjun Kanoman Kel.Karawang Kulon Kec.Karawang Barat,Yayasan Nurut Thoyibah
78,Jawa Barat,Karawang,"Jl. Manunggal Xix, Pasirjengkol, Kec. Majalaya, Karawang, Jawa Barat 41388",Yayasan Pendidikan Alam Jaya
79,Jawa Barat,Karawang,"Jl.Raya Pangkalan, Ds.Jatilaksana, Kec. Pangkalan, Karawang",Yayasan Alinsyirah Firdausy Mobarok
80,Jawa Barat,Karawang,"Dsn. Barugbug Rt 003/002 Desa Wanasari, Kec.Telukjambe Barat, Karawang",Yayasan Alinsyirah Firdausy Mobarok
81,Jawa Barat,Karawang,"Kp. Budaya Ds. Wadas, Kec. Telukjambe Timur, Karawang",Yayasan Alinsyirah Firdausy Mobarok
82,Jawa Barat,Karawang,"Jl. Pasir Panggang Dusun Gempol Girang Rt 12 /Rw 7 Desa Sukamakmur, Telukjambe Timur, Karawang, Jawa Barat",Yayasan Naraya Jati Luhur
83,Jawa Barat,Kota Bandung,Jl Elang No 37 Rt/Rw 03/11 Kelurahan Maleber Kecamatan Andir,Yayasan Suyono Mihartawijaya
84,Jawa Barat,Kota Bandung,"Jl. Sahardjo, Kel. Sukamiskin, Kec. Arcamanik, Kota Bandung, Jawa Barat",Yayasan Kemala Bhayangkari
85,Jawa Barat,Kota Bandung,"Jl.Raya Kopo No.176 , Babakan Asih , Kec. Bojong Loa Kaler , Kota Bandung,40232",Darul Akrim Inayah
86,Jawa Barat,Kota Bandung,Jl. Brantas No. 30 Kota Bandung,Yayasan Desa Wisata Qur'an (Hamasah)
87,Jawa Barat,Kota Bandung,Jl.Rereongan Sarupi,Yayasan Amanah Puri Annisa
88,Jawa Barat,Kota Bandung,"Jalan Pajajaran No 42, Pasir Kaliki, Bandung",Yayasan Cahaya Solid Berdaya
89,Jawa Barat,Kota Bandung,Jl.Reog 21 Turangga Bandung,Amanah Puri Annisa
90,Jawa Barat,Kota Bandung,"Jl. Ciwastra No. 189 Rt 006 Rw 008, Kel. Mekarjaya, Kec. Rancasari, Kota Bandung",Yayasan Amanah Puri Annisa
91,Jawa Barat,Kota Bandung,Jl. Setrawangi Selatan I No.1 Rt 02 Rw 04 Sukagalih Sukajadi,Yayasan Suyono Mihartawijaya
92,Jawa Barat,Kota Banjar,Jln.Ps Langensari Desa Muktisari,Yayasan Amanah Puri Annisa
93,Jawa Barat,Kota Banjar,Dusun Pananjung Timur Rt 25 Rw 06,Yayasan Amanah Puri Annisa
94,Jawa Barat,Kota Bekasi,"Jl. Kh. Agus Salim Gg. Angsana 1 No.158 Rt.008/Rw.007, Bekasi Jaya,",Yayasan Mishbahul Huda Pamanukan
95,Jawa Barat,Kota Depok,"Jl. Alternatif Transyogi No. 23 Kel. Harjamukti, Kec. Cimanggis Depok",Yayasan Salam Mughni Abadi
96,Jawa Barat,Kota Depok,"Jl. Mekarsari Raya No.15, Kel. Mekarsari, Cimanggis, Depok",Yayasan Bina Trubus Swadaya
97,Jawa Barat,Kota Depok,"Jl. H. Sulaiman No.4, Rt.003/Rw.002, Bedahan, Kec. Sawangan, Kota Depok",Pt. Jak Farm Nusantara (Jj Catering)
98,Jawa Barat,Kota Depok,"Jl. K.H.M. Yusuf Raya No.3, Mekar Jaya, Kec. Sukmajaya, Kota Depok",Yayasan Salam Mughni Abadi
99,Jawa Barat,Kota Sukabumi,Jl Arif Rahman Hakim No 75,Project Local Sukabumi
100,Jawa Barat,Kota Tasikmalay a,Perum Griya Mangin Persada Blok. C No 37 Rt.04 Rw.05 Kel. Bungursari Kec. Bungursari Kota Tasikmalaya,Yayasan Asra Bakti Maritim
101,Jawa Barat,Kota Tasikmalay a,Kp. Ranggon Rt. 001 Rw 003 Kel. Setianagara Kec. Cibeureum,Yayasan Amanah Puri Annisa
102,Jawa Barat,Kota Tasikmalay a,"Jl. Terusan Bca No.8, Tuguraja, Kec. Cihideung, Tasikmalaya, Jawa Barat",Yayasan Madaarisul âUluum Cihideung Balong
103,Jawa Barat,Kota Tasikmalay a,Jl. Cihideung Balong No. 46 Kel. Nagarawangi Kec.Cihideung Kota Tasikmalaya,Yayasan Amanah Puri Annisa
104,Jawa Barat,Kota Tasikmalay a,"Jl. Ir. H. Juanda, Kel. Panglayungan, Kec. Cipedes, Kotatasikmalaya",Yayasan Asra Bakti Maritim
105,Jawa Barat,Kota Tasikmalay a,"Jalan Noenoeng Tisnasaputra No. 29, Kahuripan, Tawang, Kota Tasikmalaya, Jawa Barat",Yayasan Madaarisul âUluum Cihideung Balong
106,Jawa Barat,Kota Tasikmalay a,"Jl. Batik-Raya, Karsamenak, Kec. Kawalu, Tasikmalaya, Jawa Barat",Yayasan Madaarisul âUluum Cihideung Balong
107,Jawa Barat,Kota Tasikmalay a,"Jl. Setiawargi, Setiawargi, Kec. Tamansari, Tasikmalaya, Jawa Barat",Yayasan Madaarisul âUluum Cihideung Balong
108,Jawa Barat,Kota Tasikmalay a,Jl Setia Mulya Rt. 01 Rw 06 Kel. Setia Mulya Kec. Tamansari,Yayasan Amanah Puri Annisa
109,Jawa Barat,Kota Tasikmalay a,Jalan Siliwangi  No.97a/B Rt 01 Rw 08,Yayasan Asra Bakti Maritim
110,Jawa Barat,Kuningan,Jl. Desa Sindangsuka Rt 003 Rw 002 Blok Puhun,Permata Bunda
111,Jawa Barat,Pangandara n,"Desa Kertajaya, Dusun Kertajaya Rt/04, Rw/04, Kec. Mangunjaya, Pangandaran",Yayasan Amanah Puri Annisa
112,Jawa Barat,Purwakarta,Jl. Raya Ciwangi Desa Ciwangi Kec. Bungur Sari Purwakarta,Yayasan Mishbahul Huda Pamanukan
113,Jawa Barat,Subang,"Dusun Binong Tengah Rt/Rw 014/004, Desa Citrajaya, Kec. Binong",Yayasan Al Khawarizmi Eco Pedagogik
114,Jawa Barat,Subang,Jl. Raya Jungklang No.08 Ds. Mulyasari Kec. Binong Subang 41253,Yayasan Mishbahul Huda Pamanukan
115,Jawa Barat,Subang,Dusun Kertamukti Rt 06 Rw 2 Desa Jayamukti Kecamatan Blanakan Kabupaten Subang,Yayasan Mishbahul Huda Pamanukan
116,Jawa Barat,Subang,Dusun Dukuh Tengah Rt.1 Rw.3 Ds. Dukuh Kec. Ciasem,Yayasan Mishbahul Huda Pamanukan
117,Jawa Barat,Subang,"Kp. Babakan Simpar Rt/Rw 015/006, Desa Simpar, Kec. Cipunagara,",Yayasan Al Khawarizmi Eco Pedagogik
118,Jawa Barat,Subang,Jl. Raya Dawuan Cisampih Desa. Dawuan Kidul Kecamatan Dawuan,Yayasan Mishbahul Huda Pamanukan
119,Jawa Barat,Subang,Kp. Sukagalih Desa Sukamulya Kec. Pagaden Subang,Yayasan Graha Prima Kencana
120,Jawa Barat,Subang,Jl. Raya Rancasari Km.4 Rt.10 / Rw.4 Ds. Rancasari,Yayasan Mishbahul Huda Pamanukan
121,Jawa Barat,Subang,Jl. Cece Zakaria - Pamanukan,Yayasan Mishbahul Huda Pamanukan
122,Jawa Barat,Subang,Jl. Ra Kartini No.55 Kel. Pasirkareumbi Kec. Subang,Yayasan Graha Prima Kencana
123,Jawa Barat,Subang,Jl. Raya Pantura No. 09 Desa Batangsari Kecamatan Sukasari Kabupaten Subang,Yayasan Mishbahul Huda Pamanukan
124,Jawa Barat,Subang,Kp. Kapol Desa Sirap Rt 19 Rw 05 Kec. Tanjungsiang,Yayasan Graha Prima Kencana
125,Jawa Barat,Sukabumi,"Jl. Kadudampit No.Km. 3, Rt.16/Rw.03, Gunungjaya,",Yayasan Indonesia Food Security Review
126,Jawa Barat,Sukabumi,"Jl. Cikiray Kidul, Sukamanah, Kec. Cisaat, Kabupaten Sukabumi, Jawa Barat 43152",Yayasan Sunanul Fitroh
127,Jawa Barat,Sukabumi,"Jl. Merbabu No. 7, Kp Babakan Jampang Rt002/Rw010, Karang Tengah, Gunung Puyuh, Sukabumi, Jawa Barat",Yayasan Indonesia Food Security Review
128,Jawa Barat,Sukabumi,Jl Sukabumi Cianjur Km 7 Kp Cipetir No 888 Desa. Prianganjaya Kec. Sukalarang,Gianty Kartika Jembar
129,Jawa Barat,Sukabumi,Jl. Pelabuhan Ratu Kp. Baeud Rt01/Rw03 Desa. Warungkiara Kecamatan Warungkiara Kabupaten Sukabumi Prov. Jawa Barat,Yayasan Kiara Untuk Bangsa
130,Jawa Barat,Sumedang,"Jl. Palasari No 15 003/001 Kotakulon, Sumedang Selatan, Sumedang",Yayasan Buana Mutiara Insani
131,Jawa Barat,Sumedang,Marga Mulya I Rt.01 Rw.08 Desa Mekar Rahayu,Yayasan Insan Digdaya Mandala
132,Jawa Barat,Sumedang,Jl. Raya Raden Ali Sadikin Ex Bengkel Lisna Motor,Kuwu Asti
133,Jawa Barat,Tasikmalay a,Kp. Madur Rt. 002 Rw. 001 Bojongasih Kec. Bojongasih Tasikmalaya Jawa Barat,Yayasan Asra Bakti Maritim
134,Jawa Barat,Tasikmalay a,Kp. Ranca Kuya Rt03/Rw03 Ds. Sukamantri,Yayasan Al- Hidayah Babakan Ciselang
135,Jawa Barat,Tasikmalay a,"Kp. Banceuy, Rt. 04 Rw. 07 Desa. Singajaya, Kec. Cibalong, Tasikmalaya Jawa Barat 46185",Yayasan Asra Bakti Maritim
136,Jawa Barat,Tasikmalay a,Jl.Cigalontang Rt 005 Rw 002 Desa Jayapura,Yayasan Al- Hidayatuttaufik
137,Jawa Barat,Tasikmalay a,Jl Cilembang Rt.01 Rw.15 Kel. Cilembang Kec.Cihideung Tasikmalaya,Farnatul Muflihin
138,Jawa Barat,Tasikmalay a,"Kp. Anggalasan Rt 001/ Rw 001, Desa Kertarahayu, Kec. Jatiwaras, Tasikmalaya",Yayasan Asra Bakti Maritim
139,Jawa Barat,Tasikmalay a,"Jl. Karaha Bodas, Cirando 03/01, Desa Kadipaten, Kec Kadipaten",Yayasan Suyono Mihartawijaya
140,Jawa Barat,Tasikmalay a,"Jl. Rta. Prawira Adiningrat No.11, Margaluyu, Kec. Manonjaya,",Yayasan Madaarisul âUluum Cihideung Balong
141,Jawa Barat,Tasikmalay a,Jl. Warung Sumedang Rt 31 Rw O4 Desa Manonjaya Kec Manonjaya Tasikmalaya,Yayasan Asra Bakti Maritim
142,Jawa Barat,Tasikmalay a,Kp. Cisumur Rt 21 Rw 07 Desa Margalaksana Kecamatan Sukaraja Kabupaten Tasikmalaya,Yayasan Amanah Puri Annisa
143,Jawa Barat,Tasikmalay a,Jl. Raya Sukarame No . 08 Sukarame Tasikmalaya,Yayasan Amanah Puri Annisa
144,Jawa Barat,Tasikmalay a,"Jl. Raya Cikalong, Kp Mangkabaya, Rt 005/ Rw 006 Desa Mandalajaya, Kec. Cikalong, Tasikmalaya",Yayasan Suyono Mihartawijaya
145,Jawa Barat,Kab. Bogor,"Ruko Citra Indah Bukit Permai Blok O 01-12 Rt 00 Rw 012, Sukamaju,Jonggol  Kab Bogor",Yayasan Olivia Alaniasi Bagi Pendidikan
146,Jawa Barat,Kab. Purwakarta,"Jl. Gn. Sunda, kapling PEMDA, RT 005/RW 005, Kel. Ciseureuh, Kec. Purwakarta, Kab. Purwakarta",Yayasan AL Insyirah Firdausi Mubarok
147,Jawa Barat,Kab. Purwakarta,"Kp. Gandasari RT 08 RW 03 Ds Cigelam, Kec. Babakancikaok Kab. Purwakarta",Yayasan AL Insyirah Firdausi Mubarok
148,Jawa Barat,Kabupaten Bandung Barat,"Jl. Permata Cimahi Blok A No.7, Rt.005 Rw.012, Kelurahan Tanimulya",Yayasan Farisa Bakti Persada
149,Jawa Tengah,Banyumas,"Jl.Raya Ajibarang - Bumiayu,Ds.Cikawung Rt 001 Rw 003. Kec.Pekuncen Banyumas",Bentang Banyumas Sejahtera
150,Jawa Tengah,Banyumas,Jl Jend Soedirman Gg Ceremai No 12 Rt 01 Rw 09 Kel Rejasari Kec Purwokerto Barat Banyumas Jawa Tengah,Bentang Banyumas Sejahtera
151,Jawa Tengah,Banyumas,Dusun Ii Karangmangu Desa Karangmangu Kec Baturraden Banyumas Jawatengah,Bentang Banyumas Sejahtera
152,Jawa Tengah,Banyumas,Jl Wahid Hasyim No 77 Rt 03 Rw 10 Karang Klesem Kec Purwokerto Selatan Banyumas Jawa Tengah,Bentang Banyumas Sejahtera
153,Jawa Tengah,Banyumas,"Jl. Stasiun, Nusamangir Rt 02 Rw 01, Kemranjen, Banyumas , Jawa Tengah",Bentang Banyumas Sejahtera
154,Jawa Tengah,Banyumas,"Jl Stadion Mini I, Rt 005 Rw 004, Kel. Purwokerto Kulon",Alrahma Bhakti Jatisaba
155,Jawa Tengah,Banyumas,"Jl A Yani Rt 02 Re 03, No 4 , Dusun Ii Sokaraja Kidul, Sokaraja Kidul, Kec. Sokaraja, Kabupaten Banyumas, Jawa Tengah",Alrahma Bhakti Jatisaba
156,Jawa Tengah,BATANG,"Jl. RE Martadinata No.250, Panjangkaran Kidul, Karangasem Utara, Kec. Batang, Kabupaten Batang, Jawa Tengah 51216",Yayasan Tirto Mirah Asih
157,Jawa Tengah,Blora,"Jl Taman Makam Pahlawan, Kelurahan Tegalgunung, Kec. Blora, Blora",Yayasan Tri Boga Nusantara
158,Jawa Tengah,Blora,"Jl. Randublatung - Cepu Km.4 Dukuh Jape Desa Sumberejo, Randublatung",Ittibaa Ul Ihsan
159,Jawa Tengah,Brebes,"Karangsawah, Ds.Larangan, Kec. Larangan, Brebes",Yayasan Cahaya Al Barkah Bambuduri
160,Jawa Tengah,Brebes,"Jl. Kyai Haji Muhtadi No.10 Rt.03/Rw.04 Desa Karangmalang, Kec.Ketanggungan,Brebes",Yayasan Nawa Bhakti Pertiwi Kuta (Ganti Yayasan)
161,Jawa Tengah,Brebes,Jl. D Sudrajat No.4 Rt 01 Rw 01 Desa Grinting Kec. Bulakamba Brebes,"Bumdes ""Moncer Bae"""
162,Jawa Tengah,Brebes,"Jl. Raya Benda, Benda Kec Sirampog Brebes Jawa Tengah",Yayasan Pendidikan Pondok Pesantren Al Hikmah 1
163,Jawa Tengah,Jepara,"Jl. Ahmad Yani No.14, Rt 03 Rw 01, Kec. Jepara",Yayasan Annajah Insan Cendekia
164,Jawa Tengah,Jepara,"Jl. Raya Welahan, Desa Kriyan, Rt 12 Rw 03, Kec. Kalinyamatan",Yayasan Annajah Insan Cendekia
165,Jawa Tengah,Karangany ar,Grenjeng Rt 03 Rw 02. Desa Dayu. Kec. Gondangrejo. Karanganyar,Yayasan Melati Santina Utama
166,Jawa Tengah,Kota Semarang,"Jl. Pengilon Ii, Bringin, Kec. Ngaliyan, Kota Semarang, Jawa Tengah 50189",Yayasan Tirto Mirah Asih
167,Jawa Tengah,Kudus,Dusun Pecinan Rt 3 Rw 1 Desa Bulungcangkring Kec. Jekulo Kudus,Yayasan Al Chalimi
168,Jawa Tengah,Pati,"Tambakromo,Kec Tambakromo",Yayasan Panji Merah Putih 07
169,Jawa Tengah,Purbalingg a,"Rt 2/Rw 10 Dusun 5, Desa Kajongan, Kec. Bojongsari, Purbalingga",Yayasan Al Amin Brubahan Barokah
170,Jawa Tengah,Purworejo,"Jl. Magelang Km 11, Rt 003/004, Kaliboto, Kecamatan Bener, Kabupaten Purworejo, Jawa Tengah",Yayasan Nastiti Harapan Mulia
171,Jawa Tengah,Purworejo,"Rt 01/ Rw 05, Bandung, Kutoarjo, Purworejo",Yayasan Dapur Khadija Aisyah
172,Jawa Tengah,Purworejo,"Depokrejo Rt01 / Rw01, Kecamatan Ngombol, Kabupaten Purworejo",Yayasan Miftahus Shudur Kedunglo
173,Jawa Tengah,Surakarta,Jl. Brigjen Slamet Riyadi No. 392,Yayasan Sri Abadi Makmur
174,Jawa Tengah,Kota Tegal,Perumahan Jaya Permai Jl. Abdul Syukur No.6 Rt.01 Rw. 13 Kel. Margadana Kec. Margadana Kota Tegal - Jateng,Yayasan Insan Membangun Indonesia
175,Jawa Tengah,Magelang,"Jl. Mayjend Bambang Soegeng Km 5, Sumberrejo, Mertoyudan, Magelang",Persyarikatan Muhammadiyah
176,Jawa Tengah,Sragen,"Jl Batanghari Sumengko, Sragen Tengah, Sragen",Persyarikatan Muhammadiyah
177,Jawa Tengah,Grobogan,"Jl. D. I. Panjaitan No.11, Brambangan, Purwodadi, Kec. Purwodadi, Kabupaten Grobogan, Jawa Tengah",Yayasan Insan Membangun Indonesia
178,Jawa Tengah,Kota Semarang,"Kawasan Atem Technopark Jl. Kol. Warsito Soegiarto Km 2,5 Kelurahan Sadeng, Kecamatan Gunungpati, Kota Semarang, Jawa Tengah",Yayasan Bina Bangsa
179,Jawa Timur,Bondowos o,"Jl. Raya Dadapan No. 17- 19 Km 07, Dadapan, Kec. Grujugan",Yayasan Al- Ishlah Bondowoso
180,Jawa Timur,Gresik,Perumahan Jaya Permai Jl. Abdul Syukur No.6 Rt.01 Rw. 13 Kel. Margadana Kec. Margadana Kota Tegal - Jateng,Yayasan Sentra Tama Edukasi Indonesia
181,Jawa Timur,Jember,"Jl. Cempedak No. 97, Rt 04/Rw 06, Lingkungan Kreongan Atas, Kel Jember Lor, Kec Patrang, Jember, Jawa Timur",Yayasan Pondok Pesantren Bustanul Ulum
182,Jawa Timur,Kota Kediri,"Jl. Imam Bonjol, Ngadirejo, Kec. Kota, Kota Kediri, Jawa Timur 64122",Yayasan Harapan Anak Sekolah Sukses
183,Jawa Timur,Kota Madiun,"Jl. Sedoro No.20, Banjarejo, Kec.Taman, Kota Madiun",Yayasan Karya Indonesia Emas
184,Jawa Timur,Kota Malang,Jl. Yos Sudarso No 14 Kasin Kec.Klojen Kota Malang,Yayasan Salman Peduli Berkarya
185,Jawa Timur,Kota Surabaya,"Kesatrian Marinir Ewa Pangalila Kodikmar Jl. Golf 1 No 1, Kelurahan Gunung Sari, Kecamatan Dukuh Pakis, Kota Surabaya, Provinsi Jawa Timur 60224",Yayasan Salman Peduli Berkarya
186,Jawa Timur,Kota Surabaya,"Jl Kesatrian Sutedi Senaputra, Kel Karangpilang, Kec Karangpilang, Kota Surabaya, Jawa Timur",Yayasan Salman Peduli Berkarya
187,Jawa Timur,Kota Surabaya,Jl Ngagel Jaya Barat No.8 Kel Pucang Sewu Kec Gubeng Kota Surabaya Jawa Timur,Yayasan Oda Masa Depan Utama
188,Jawa Timur,Lamongan,"Jl. Raya Plaosan - Babat No. 51, Kec.  Babat, Lamongan, Jawa Timur",Yayasan As - Salaam
189,Jawa Timur,Mojokerto,"Komplek Pp. Amanatul Ummah, Jl. Raya Kh. Abdul Chalim No.1, Paras, Kembangbelor, Kec. Pacet, Mojokerto, Jawa Timur 61374",Yayasan Amanatul Ummah Surabaya
190,Jawa Timur,Mojokerto,"Jl. Tirtowening No. 2 Kembang, Belor, Kembangbelor, Kec. Pacet, Kabupaten Mojokerto, Jawa Timur",Yayasan Amanatul Ummah Surabaya
191,Jawa Timur,Pamekasan,"Jl. Raya Banyubulu Rt004 Rw004, Desa Banyubulu, Kec. Proppo, Pamekasan",Yayasan Abdul Mu'thi Pamekasan
192,Jawa Timur,Pamekasan,"Jl. Raya Teja, Rw. 03 Desa Jungcangcan, Kec Pamekasan, Pamekasan, Jawa Timur",Yayasan Insan Kamil
193,Jawa Timur,Banyuwan gi,Dusun Krajan-Desa Tamansari,Mas Ami Internasional
194,Jawa Timur,Pamekasan,"Jl. Raya Sotabar, Dsn. Rokem Barat, Ds. Sotabar, Kec. Pasean, Pamekasan, Jawa Timur",Yayasan Pendidikan Sosial Dan Dakwah Darus Salam
195,Jawa Timur,Pamekasan,"Dusun Bagunung, Desa Ponjanan Timur, Kec Batu Marmar Pamekasan",Yayasan Pendidikan Sosial Dan Dakwah Darus Salam
196,  Kalimantan Barat,Ketapang,"Jl. Irama Samudra Desa Suka Baru, Kec. Benua Kayong, Ketapang",Yasasan Ibnul Hasan Bercita
197,  Kalimantan Barat,Ketapang,"Jl. Gatot Subroto Desa Paya Kumang, Kec.Delta Pawan, No. 140",Yasasan Ibnul Hasan Bercita
198,Kalimantan Barat,Ketapang,"Jl. Pesaguan Kanan, Kec Matan Hilir Selatan, Kab. Ketapang",Yayasan Nur Ilahi Al-Islami        
199,  Kalimantan Selatan,Hulu Sungai Selatan,"Jl. A. Yani Km. 4 Rt.002 Rw.001 Gambah Luar, Kandangan",Yayasan Al Futuwwah Kandangan
200,  Kalimantan Selatan,Hulu Sungai Tengah,"Jl. P. H. M. Noor, Kelurahan Barabai Barat",Yayasan Al Futuwwah Kandangan
201,  Kalimantan Selatan,Kota Banjarmasi n,Jl. Simpang Telawang No. 52  Rt. 07 Rw.01 Kelurahan Kertak Baru Ilir,Yayasan Cahaya Kesejahteraan Madani
202,  Kalimantan Selatan,Kotabaru,"Jl Hidayah Rt 013, Semayap",Yayasan Cahaya Kesejahteraan Madani
203,  Kalimantan Selatan,Tanah Bumbu,Jl. Kodeko Km.2 Desa Gunung Antasari,Yayasan Cahaya Kesejahteraan Madani
204,  Kalimantan Selatan,Tanah Laut,Jl. Empat Lima No.18 Sarang Halang,Yayasan Cahaya Kesejahteraan Madani
205,  Kalimantan Selatan,Tapin,Jl. Jendral Sudirman Komplek Griya Rantau Asri Blok C No 05,Yayasan Forum Relawan Jaber
206,Kepulaua n Bangka Belitung,Bangka Barat,Jl. Gang Bioskop Rt 15 Rw 15 Kelurahan Kelapa,Yayasan Prabu Center Kosong Delapan
207,Kepulaua n Bangka Belitung,Pangkal Pinang,Jl. Adhiyaksa Kelurahan Kacang Pedang Kec. Gerunggang Kota Pangkalpinang Provinsi Bangka Belitung,Yayasan Prabu Center Kosong Delapan
208,Kepulaua n Riau,Karimun,Perumahan Bukit Balai Permai. Jln Kenanga No 53. Kelurahan Kapling Rt 01 Rw 02 Tebing Kanupaten Karimun Provinsi Kepulauan Riau,Yayasan Kali Kedua Indonesia
209,Kepulaua n Riau,Kota Batam,"Blok D No. 18, Jl. Tiban I, Patam Lestari",Yayasan Mataram Jaya Sentosa
210,Kepulaua n Riau,Kota Batam,Teluk Pandan Blok G No 5 Kec. Batu Aji Kota Batam,Pasundan Bakti Pertiwi
211,Kepulaua n Riau,Batam,Pantai Mak Dare Kampung Melayu Rt.01 / Rw.08. Kelurahan Batu Besar Kecamatan Nongsa Batam,Darush Sholihin Batam
212,Kepulaua n Riau,Karimun,"Jl. Parit Baru Rt 005/Rw 001, Desa Sei Sebesi, Kab. Karimun, Kundur",Darush Sholihin Batam
213,Kepulaua n Riau,Kota Batam,"Ruko Greenland Block V No. 4 Rt 005 /Rw002, Kel. Teluk Tering, Kec, Batam Kota",Darush Sholihin Batam
214,Lampung,Bandar Lampung,Pengajaran,Yayasan Alrafaeyza Malik Nurman
215,Lampung,Bandar Lampung,Sukarame,Yayasan Alrafaeyza Malik Nurman
216,Lampung,Kabupaten Lampung Selatan,"Jl.Raya Pemanggilan Dusun, Jl. Srimulyo 2 Gg. Sejahtera 5, Pemanggilan,Kec.Natar,La mpung Selatan",Bassam Catering
217,Lampung,Kabupaten Lampung Selatan,"Dusun Iv Rt012/007 Gg. Kutilang, Way Hui, Kec. Jati Agung, Lampung Selatan",Juno Catering
218,Lampung,Kabupaten Mesuji,"Brabasan, Kec. Tj. Raya, Kabupaten Mesuji, Lampung",Berkah Manfaat
219,Lampung,Kabupaten Pesawaran,"Jl. A. Yani, Ds. Tamansari, Kec. Gedong Tataan, Pesawaran",Dapur Syalu
220,Lampung,Kabupaten Tulang Bawang,"Jl. Ethanol Rt. 01 Rw.06 Ds. Tunggal Warga, Kec. Banjar Agung, Tulang Bawang",Dapur Berlian
221,Lampung,Kabupaten Tulang Bawang Barat,"Pulung Kencana Rk 2/Rt 3, Kec. Tulang Bawang Tengah, Tulang Bawang Barat",Catering Barokah Permai
222,Lampung,Lampung Selatan,Natar,Yayasan Alrafaeyza Malik Nurman
223,Lampung,Lampung Timur,"Desa Taman Cari, Kec. Purbolinggo, Lampung Timur, Rt/Rw: 015/07",Yayasan Indonesia Food Security Review
224,Lampung,Lampung Timur,Srimenanti,Ahmad Faisol Sb
225,Lampung,Pesawaran,Kurungan Nyawa,Yayasan Alrafaeyza Malik Nurman
226,Lampung,Pringsewu,Tulung Agung,Yayasan Bangun Sukses Mandiri
227,Lampung,Way Kanan,Lembahsung,Yayasan Prabu Center Kosong Delapan
228,Lampung,Way Kanan,Tamansari,Yayasan Prabu Center Kosong Delapan
229,Lampung,Way Kanan,Bakti Nagara,Yayasan Cahaya Langowan Nusantara
230,Maluku,Kota Ambon,"Jl. Raya Stain, Batu Merah, Kota Ambon",Yayasan Seram Raya Al Aziz
231,Maluku,Kota Ambon,"Jl.Amanhuse, Lorong Sipadore Desa Erie",Yayasan Pelangi Maluku
232,Maluku,Kota Ambon,"Jl. Dr. Kayadoe, Kel Kudamati, Nusaniwe Kota Ambon",Yayasan Pelangi Maluku
233,Maluku,Seram Bagian Barat,"Desa Kamal, Kairatu Barat",Yayasan Seram Raya Al Aziz
234,Papua,Kab. Jayapura,Puspenka Hawai Sentani Kab. Jayapura,Yayasan Prabu 08
235,Papua,Kab. Jayapura,Jl. Raya Kemiri Sentani Kab. Jayapura Samping Saga Fresh Pasar Baru,Yayasan Prabu 08
236,Papua,Jayapura,"Kompleks Sit Insan Cendekia Jayapura, Jl. Yowanibi, Rt.001/Rw.011, Doyo Baru, Distrik Waibu, Kabupaten Jayapura, Papua 99369",Yayasan Insan Cendikia Jayapura
237,Papua,Jayapura,"Jalan Samping Kantor Kelurahan Sentani Kota, Kec. Sentani, Kabupaten Jayapura, Papua 99359",Yayasa Kasih Iman Samuel Papua
238,Papua,Kabupaten Sarmi,Jl. Basecamp Sarmi,Yayasan Pendidikan Dan Persekolahan Katolik Fransiskus Asisi
239,Papua,Kepulauan Yapen,"Jln. Pertamina, Rt.001/001, Barawaikap, Yapen Selatan.",Kitong Bisa
240,Papua,Kota Jayapura,"Jl. Raya Abepura(Depan Kantor Samsat), Kel. Kotabaru , Kec. Abepura, Kota Jayapura, Papua",Yayasan Bersama Berkarya Papua
241,Papua,Kota Jayapura,"Jl. Tobati Holtekamp Pantai Hamadi, Kec. Jayapura Selatan",Yayasan Anak Sehat Berkualitas
242,Papua Barat,Kaimana,"Jl. Perumahan Dpr Air Tiba, Kelurahan Krooy, Kecamatan Kaimana, Kaimana",Yayasan Kasih El- Shaday
243,Papua Barat,Kaimana,"Jl Pasir Lombo, Bantemi, Kelurahan Krooy, Kecamatan Kaimana, Kaimana",Yayasan Kasih El- Shaday
244,Papua Barat,Teluk Bintuni,Jalur 1 Sp.5 Kampung Argosigemerai,Rannuan Sangtorayaan Manokwari
245,Papua Barat Daya,Kota Sorong,"Jl. Pendidikan No. 22, Kel. Klabulu, Distrik Malaimsimsa, Kota Sorong Papua Barat Daya",Yayasan Keadilan Papua Sejahtera
246,Papua Pegunung an,Jayawijaya,"Jl. Bhayangkara, Distrik Wamena Kota, Kel. Sinakma, Jayawijaya, Prov. Papua Pegunungan.",Yayasan Kitong Bisa
247,Papua Pegunung an,Jayawijaya,"Jl. Bhayangkara, Kec. Wamena, Jayawijaya",Yayasan Pendidikan Islam ( Yapis ) Di Tanah Papua
248,Papua Tengah,Mimika,Jl. Cendrawasih Sp.3 Kuala Kendana Kelurahan Karang Senang Papua Tengah,Yayasan Kitong Bisa
249,Riau,Kabupaten Indragiri Hilir,"Jl. Kapten Mukhtar No. 12, Tagaraja, Kateman, Indragiri Hilir, Riau",Yayasan Komunitas Emak Sehat Inhil
250,Riau,Kota Pekanbaru,Jl Ega V No 7-8 Kel Sidomulyo Barat Kec Tuah Madani Kota Pekanbaru,Yayasan Sinergi Setia Tani
251,Riau,Rokan Hilir,Jl. Lintas Ujung Tanjung - Bagan Siapiapi. Km 35. Pematang Batu Hampar. Kec. Batu Hampar. Rokan. Hilir,Yayasan Intan Permata Rokan Hilir
252,Sulawesi Barat,Majene,Sirindu,Yayasan Pundi Amal Nusantara
253,Sulawesi Barat,Polewali Mandar,Jl. H. Andi Depu Kel. Takatidung,Darul Ilhamiyah Nusantara
254,Sulawesi Selatan,Bantaeng,"Jl. Bangau No. A31, Kel. Pallantikang",Cahaya Bumi Angkasa
255,Sulawesi Selatan,Bantaeng,Panaikang Kel. Bonto Manai,Cahaya Bumi Angkasa
256,Sulawesi Selatan,Bone,Jl. Reformasi,Wakaf Tunai Indonesia
257,Sulawesi Selatan,Bone,Jl. Poros Laccori (Samping Pasar Baru Pattiro),Wakaf Tunai Indonesia
258,Sulawesi Selatan,Bulukumba,"Jln. Dr. Samratulangi No.Lr.2, Caile",Darul Ilhamiyah Nusantara
259,Sulawesi Selatan,Bulukumba,Jalanjang,Yayasan Perguruan Amanna Gappa Indonesia
260,Sulawesi Selatan,Bulukumba,Kalumeme,Yayasan Bowo Garuda Indonesia
261,Sulawesi Selatan,Bulukumba,Caile,Sinar Cerah Masa Kini
262,Sulawesi Selatan,Gowa,Sokkolia,Cahaya Bumi Angkasa
263,Sulawesi Selatan,Gowa,"Bontocinde, Panakkukang",Cahaya Bumi Angkasa
264,Sulawesi Selatan,Gowa,Bili-Bili,Wakaf Tunai Indonesia
265,Sulawesi Selatan,Gowa,"Jl. Poros Galesong, Limbung",Nurul Ilham Makassar
266,Sulawesi Selatan,Gowa,"Jln Sultan Hasanuddin No. 40, Pandang-Pandang",Nurul Ilham Makassar
267,Sulawesi Selatan,Luwu Timur,Ussu,Yayasan Bowo Garuda Indonesia
268,Sulawesi Selatan,Makassar,Emy Saelan,Cahaya Bumi Angkasa
269,Sulawesi Selatan,Makassar,Gunung Sari,Nurul Ilham Makassar
270,Sulawesi Selatan,Makassar,Jl. Racing Centre,Nurul Ilham Makassar
271,Sulawesi Selatan,Makassar,Bangkala,Yasika Center Indonesia
272,Sulawesi Selatan,Makassar,Batua,Yayasan Perguruan Amanna Gappa Indonesia
273,Sulawesi Selatan,Maros,"Jl. Jemb. Lama No. 75, Bontoa",Wakaf Tunai Indonesia
274,Sulawesi Selatan,Maros,Maccini Baji,Hikmah Lewai Berkah
275,Sulawesi Selatan,Maros,Bontoa,Yayasan Pesantren Mandiri Makasar
276,Sulawesi Selatan,Pangkajene Dan Kepulauan,Jl. Poros Biringkassi,Cahaya Bumi Angkasa
277,Sulawesi Selatan,Pangkajene Dan Kepulauan,"Jl. Ambarala No 20, Tumampua",Cahaya Bumi Angkasa
278,Sulawesi Selatan,Pinrang,Lanrisang,Berkah Ininnawa Nusantara
279,Sulawesi Selatan,Pinrang,Maccorawalie,Yayasan Biharul Ulum Ma'arif
280,Sulawesi Selatan,Pinrang,Temmassarangnge,Yayasan Bowo Garuda Indonesia
281,Sulawesi Selatan,Sindenreng Rappang,Rijang Pittu,Yayasan Bowo Garuda Indonesia
282,Sulawesi Selatan,Soppeng,Jl. Kemakmuran No. 77 Lemba,Nurul Ilham Makassar
283,Sulawesi Selatan,Gowa,Jalan Poros Pallangga Desa Jenetallasa,Yayasan Cahaya Langowan Nusantara
284,Sulawesi Selatan,Bulukumba,"Jl. Dato Tiro Ela-ela, Kelurahan Kalumeme",Yayasan Bowo Garuda Indonesia
285,Sulawesi Selatan,Pinrang,Temmassarangnge,Yayasan Bowo Garuda Indonesia
286,Sulawesi Selatan,Makassar,JL. PETTARANI 2 KEL. TAMAMAUNG  KOTA MAKASSAR,YAYASAN TANGAN FATIMA BEKERJA
287,Sulawesi Selatan,Bantaeng,JL. GAGAK  KEL. PALANTIKANG KAB. BANTAENG,Yayasan Pendidikan Akasyah
288,Sulawesi Selatan,Kab. Pinrang,"Jl. Brigjen Katamso No. 27, Kel. Maccorawalie, Kode Pos 91212",Yayasan Organisasi Masyarakat Sipil Barisan Rakyat Peduli
289,Sulawesi Selatan,Maros,"Jl. poros makassar maros Darul Istiqamh, KM 25, Kelurahan Bontoa",Yayasan Pesantren Mandiri Makassar
290,Sulawesi Selatan,Pinrang,"Jl. Ir Juanda, Kelurahan Maccorawalie, Kecamatan Watang Sawitto, Kabupaten Pinrang, Sulawesi Selatan",Yayasan Biharul Ulum Ma'arif
291,Sulawesi Selatan,Kota Makassar,"Jl. Asrama Haji Sudiang, Kel Bakung",Bentara Sejarah Sulawesi
292,Sulawesi Selatan,Gowa,Jl Tambora Land III Tamanyeleng Kec Barombong Kab Gowa,Yayasan Pendidikan Akasyah
293,Sulawesi Selatan,Gowa,"Jl. Poros Sungguminasa Takalar, Kel. Mataallo, Kec. Bajeng, Kab. Gowa",Yayasan Pendidikan Akasyah
294,Sulawesi Selatan,Toraja Utara,"Jln.Pongtiku No. 46 Ranteapo, Toraja Utara",Peleton Media Kasih
295,Sulawesi Selatan,Kepulauan Selayar,"Jl. Sutoyo No. 4, Kel. Benteng, Kec. Benteng, Kab. Kepulauan Selayar",Yayasan Planet Bumi Indonesia
296,Sulawesi Selatan,Pinrang,"Jl. Monginsidi, Kel. Pacongang, Kec. Paleteang",Yayasan Wahana Penelitian dan Pengembangan Daerah
297,Sulawesi Tengah,Toli Toli,Panasakan,Yayasan Berkat Gemilang Nusantara
298,Sulawesi Tenggara,Bombana,"Jln. Ahmad Yani, Kasipute",Darul Ilhamiyah Nusantara
299,Sulawesi Tenggara,Kendari,Wowawanggu,Yayasan Lazuardi Kendari
300,Sulawesi Tenggara,Kolaka Timur,Woha,Yayasan Bowo Garuda Indonesia
301,Sulawesi Tenggara,Muna Barat,Barangka,Arman Hasa
302,Sulawesi Utara,Bolaang Mongondo w,"Jl. Trans Sulawesi, Desa Kosio, Kec. Dumoga Tengah, Bolaang Mongondow",-
303,Sulawesi Utara,Bolaang Mongondo w Utara,"Jln. Trans Sulawesi, Desa Tombulang Timur Kec. Pinogaluman Bolmut",-
304,Sulawesi Utara,Kotamobag u,"Jl. Adampe Dolot, Kelurahan Mogolaing Kec. Kotamobagu Barat",-
305,Sumatera Barat,Kota Payakumb uh,"Jalan Raya Gajah Mada Lingkar Utara, Koto Baru",-
306,Sumatera Barat,Pesisir Selatan,"Kampung Luhung, Nagari Pasar Baru, Bayang, Pesisir Selatan",Yayasan Tuah Cipta Berdaya
307,Sumatera Selatan,Banyuasin,Jl. Thalib Wali No.03-04 Rt.10 Rw.04 Pangkalan Balai Banyuasin Iii Banyuasin,Yayasan Al Fatih Center Banyuasin
308,Sumatera Selatan,Ogan Komering Ilir,"Perumahan Palem Agung, Kel.Kutaraya Rt.011",Yayasan Sahabat Pelangi
309,Sumatera Selatan,Ogan Komering Ulu,"Jln. Imam Bonjol, Simpang 3 Lekis, Rt018/Rw006",Yayasan Sahabat Pelangi
310,Sumatera Selatan,Palembang,Jl.Sukawinatan Rt.68 Rw.10 No.94,Yayasan Pendidikan Gani Nusantara
311,Sumatera Utara,Deli Serdang,Jl. M. Yusuf Jintan Desa Percut,Yayasan Cahaya Semesta Bersama
312,Sumatera Utara,Asahan,"Jl. Merpati, Gambir Baru, Kisaran Timur, Asahan,",Yayasan Insan Mandiri Berkemajuan
313,Sumatera Utara,Kota Binjai,"Jl. T. Amir Hamzah, Jalan Pinus Lingkungan V, Kel. Jati Utomo",Yayasan Cahaya Semesta Bersama
314,Sumatera Utara,Kota Medan,"Jl. Perbatasan, Kelurahan Siti Rejo Ii",Yayasan Cahaya Semesta Bersama
315,Sumatera Utara,Nias,"Jl. Gunung Sitoli, Tulumbaho, Kec Gido, Nias",Yayasan Insan Mandiri Berkemajuan
